C	16.031300127999998	0.6361	0.0
CC	30.046950192	1.0262	0.0
CCC	44.062600255999996	1.4163	0.0
CCCC	58.078250319999995	1.8064	0.0
CCCCC	72.093900384	2.1965000000000003	0.0
CO	32.026214748	-0.3915	20.23
CCO	46.041864812	-0.0014000000000000123	20.23
CCCO	60.057514876	0.3887	20.23
CC(C)O	60.057514876	0.38710000000000006	20.23
CC(=O)O	60.021129368000004	0.09089999999999993	37.3
CCOC	60.057514876	0.6527000000000001	9.23
CCOCC	74.07316494	1.0428000000000002	9.23
C1CCCCC1	84.093900384	2.3406000000000002	0.0
c1ccccc1	78.046950192	1.6866	0.0
Cc1ccccc1	92.062600256	1.99502	0.0
Oc1ccccc1	94.041864812	1.3921999999999999	20.23
CN	31.042199159999996	-0.4251	26.02
CCN	45.057849223999995	-0.03499999999999981	26.02
CCCN	59.073499287999994	0.3551000000000001	26.02
CC(N)=O	59.03711378	-0.5084	43.09
